{"cameraMode":{"drawMode":0,"name":"Shaded","section":"Shading Mode"},"sceneLighting":true,"audioPlay":false,"sceneViewState":{"m_AlwaysRefresh":false,"showFog":true,"showSkybox":true,"showFlares":true,"showImageEffects":true,"showParticleSystems":true,"showVisualEffectGraphs":true,"m_FxEnabled":true},"in2DMode":false,"pivot":{"x":12.9546480178833,"y":-0.7316409945487976,"z":4.145477294921875},"rotation":{"x":-0.29383158683776858,"y":0.05870722979307175,"z":-0.018078671768307687,"w":-0.9538955092430115},"size":14.288701057434082,"orthographic":false}